home_team,away_team,date,location_city,location_country,tournament,home_team_score,away_team_score
Aruba,Antigua and Barbuda,2026-09-23,St. John's,Antigua and Barbuda,CONCACAF Nations League,1,0
Bahamas,Saint Martin,2026-09-23,St. Croix,United States Virgin Islands,CONCACAF Nations League,0,8
Turks and Caicos Islands,Montserrat,2026-09-23,Providenciales,Turks and Caicos Islands,CONCACAF Nations League,0,2
Cameroon,Comoros,2026-09-24,Garoua,Cameroon,Africa Cup of Nations Qualification,3,1
DR Congo,Equatorial Guinea,2026-09-24,Kinshasa,DR Congo,Africa Cup of Nations Qualification,2,0
Ivory Coast,Ghana,2026-09-24,Bouaké,Ivory Coast,Africa Cup of Nations Qualification,2,0
Libya,Botswana,2026-09-24,,Libya,Africa Cup of Nations Qualification,2,2
Mauritania,Central African Republic,2026-09-24,Casablanca,Morocco,Africa Cup of Nations Qualification,3,1
Namibia,Congo,2026-09-24,Francistown,Botswana,Africa Cup of Nations Qualification,1,0
Sierra Leone,Zimbabwe,2026-09-24,El Jadida,Morocco,Africa Cup of Nations Qualification,2,3
Tunisia,Uganda,2026-09-24,Rades,Tunisia,Africa Cup of Nations Qualification,1,1
Antigua and Barbuda,Anguilla,2026-09-24,St. John's,Antigua and Barbuda,CONCACAF Nations League,,
Cayman Islands,Dominica,2026-09-24,Roseau,Dominica,CONCACAF Nations League,0,0
Costa Rica,Curaçao,2026-09-24,San José,Costa Rica,CONCACAF Nations League,3,4
Dominican Republic,Nicaragua,2026-09-24,Santiago de los Caballeros,Dominican Republic,CONCACAF Nations League,3,2
Haiti,Trinidad and Tobago,2026-09-24,Kingston,Jamaica,CONCACAF Nations League,3,2
Andorra,Malta,2026-09-24,Andorra la Vella,Andorra,UEFA Nations League,1,2
Austria,Israel,2026-09-24,Linz,Austria,UEFA Nations League,3,1
Kosovo,Republic of Ireland,2026-09-24,Pristina,Kosovo,UEFA Nations League,1,0
Liechtenstein,Lithuania,2026-09-24,Vaduz,Liechtenstein,UEFA Nations League,0,2
Netherlands,Germany,2026-09-24,Amsterdam,Netherlands,UEFA Nations League,1,1
Norway,Denmark,2026-09-24,Oslo,Norway,UEFA Nations League,3,2
Portugal,Wales,2026-09-24,Lisbon,Portugal,UEFA Nations League,1,0
Serbia,Greece,2026-09-24,Belgrade,Serbia,UEFA Nations League,1,2
Algeria,Zambia,2026-09-25,Tizi-Ouzou,Algeria,Africa Cup of Nations Qualification,3,1
Burkina Faso,Benin,2026-09-25,Ouagadougou,Burkina Faso,Africa Cup of Nations Qualification,1,1
Egypt,Angola,2026-09-25,Cairo,Egypt,Africa Cup of Nations Qualification,0,0
Gambia,Somalia,2026-09-25,Banjul,Gambia,Africa Cup of Nations Qualification,2,1
Malawi,South Sudan,2026-09-25,Lilongwe,Malawi,Africa Cup of Nations Qualification,2,1
Mali,Cape Verde,2026-09-25,Bamako,Mali,Africa Cup of Nations Qualification,3,1
Morocco,Gabon,2026-09-25,Rabat,Morocco,Africa Cup of Nations Qualification,2,0
Nigeria,Madagascar,2026-09-25,Uyo,Nigeria,Africa Cup of Nations Qualification,2,1
Rwanda,Liberia,2026-09-25,Kigali,Rwanda,Africa Cup of Nations Qualification,3,1
Senegal,Mozambique,2026-09-25,Maputo,Mozambique,Africa Cup of Nations Qualification,1,1
Sudan,Ethiopia,2026-09-25,Juba,South Sudan,Africa Cup of Nations Qualification,1,0
Tanzania,Guinea-Bissau,2026-09-25,Dar es Salaam,Tanzania,Africa Cup of Nations Qualification,0,2
Togo,Burundi,2026-09-25,Lomé,Togo,Africa Cup of Nations Qualification,1,0
Bonaire,Saint Kitts and Nevis,2026-09-25,Basseterre,Saint Kitts and Nevis,CONCACAF Nations League,1,2
El Salvador,Martinique,2026-09-25,San Salvador,El Salvador,CONCACAF Nations League,3,1
Guadeloupe,Bermuda,2026-09-25,Castries,Saint Lucia,CONCACAF Nations League,2,1
Honduras,Suriname,2026-09-25,Tegucigalpa,Honduras,CONCACAF Nations League,2,3
Jamaica,Guatemala,2026-09-25,Kingston,Jamaica,CONCACAF Nations League,3,2
Saint Lucia,Barbados,2026-09-25,Castries,Saint Lucia,CONCACAF Nations League,0,2
Armenia,Latvia,2026-09-25,Yerevan,Armenia,UEFA Nations League,2,0
Georgia,Northern Ireland,2026-09-25,Tbilisi,Georgia,UEFA Nations League,0,1
Hungary,Ukraine,2026-09-25,Budapest,Hungary,UEFA Nations League,0,1
Italy,Belgium,2026-09-25,Rome,Italy,UEFA Nations League,0,2
Montenegro,Cyprus,2026-09-25,Podgorica,Montenegro,UEFA Nations League,2,1
Poland,Bosnia and Herzegovina,2026-09-25,Warsaw,Poland,UEFA Nations League,0,0
Sweden,Romania,2026-09-25,Solna,Sweden,UEFA Nations League,2,1
Turkey,France,2026-09-25,Kocaeli,Turkey,UEFA Nations League,0,1
Kenya,Eritrea,2026-09-26,Nairobi,Kenya,Africa Cup of Nations Qualification,,
Niger,Lesotho,2026-09-26,Accra,Ghana,Africa Cup of Nations Qualification,,
South Africa,Guinea,2026-09-26,Johannesburg,South Africa,Africa Cup of Nations Qualification,,
Montserrat,British Virgin Islands,2026-09-26,Providenciales,Turks and Caicos Islands,CONCACAF Nations League,,
Saint Vincent and the Grenadines,French Guiana,2026-09-26,Belmopan,Belize,CONCACAF Nations League,,
Albania,Belarus,2026-09-26,Tirana,Albania,UEFA Nations League,,
Bulgaria,Luxembourg,2026-09-26,Plovdiv,Bulgaria,UEFA Nations League,,
Czech Republic,Croatia,2026-09-26,Prague,Czech Republic,UEFA Nations League,,
England,Spain,2026-09-26,London,England,UEFA Nations League,,
Faroe Islands,Kazakhstan,2026-09-26,Tórshavn,Faroe Islands,UEFA Nations League,,
Iceland,Estonia,2026-09-26,Reykjavik,Iceland,UEFA Nations League,,
North Macedonia,Switzerland,2026-09-26,Skopje,North Macedonia,UEFA Nations League,,
San Marino,Finland,2026-09-26,Serravalle,San Marino,UEFA Nations League,,
Slovakia,Moldova,2026-09-26,Prešov,Slovakia,UEFA Nations League,,
Slovenia,Scotland,2026-09-26,Ljubljana,Slovenia,UEFA Nations League,,
Curaçao,Nicaragua,2026-09-27,Willemstad,Curaçao,CONCACAF Nations League,,
Haiti,Costa Rica,2026-09-27,Kingston,Jamaica,CONCACAF Nations League,,
Trinidad and Tobago,Dominican Republic,2026-09-27,Port of Spain,Trinidad and Tobago,CONCACAF Nations League,,
Austria,Kosovo,2026-09-27,Vienna,Austria,UEFA Nations League,,
Denmark,Wales,2026-09-27,Copenhagen,Denmark,UEFA Nations League,,
Germany,Greece,2026-09-27,Augsburg,Germany,UEFA Nations League,,
Gibraltar,Andorra,2026-09-27,Gibraltar,Gibraltar,UEFA Nations League,,
Israel,Republic of Ireland,2026-09-27,Debrecen,Hungary,UEFA Nations League,,
Lithuania,Azerbaijan,2026-09-27,Kaunas,Lithuania,UEFA Nations League,,
Norway,Portugal,2026-09-27,Oslo,Norway,UEFA Nations League,,
Serbia,Netherlands,2026-09-27,Belgrade,Serbia,UEFA Nations League,,
Botswana,Tunisia,2026-09-28,,Botswana,Africa Cup of Nations Qualification,,
Central African Republic,Burkina Faso,2026-09-28,Casablanca,Morocco,Africa Cup of Nations Qualification,,
Equatorial Guinea,Sierra Leone,2026-09-28,,Equatorial Guinea,Africa Cup of Nations Qualification,,
Zimbabwe,DR Congo,2026-09-28,Harare,Zimbabwe,Africa Cup of Nations Qualification,,
Cuba,Bonaire,2026-09-28,Basseterre,Saint Kitts and Nevis,CONCACAF Nations League,,
Guadeloupe,Barbados,2026-09-28,Castries,Saint Lucia,CONCACAF Nations League,,
Guatemala,El Salvador,2026-09-28,Guatemala City,Guatemala,CONCACAF Nations League,,
Jamaica,Honduras,2026-09-28,Kingston,Jamaica,CONCACAF Nations League,,
Martinique,Suriname,2026-09-28,Fort-de-France,Martinique,CONCACAF Nations League,,
Saint Lucia,Bermuda,2026-09-28,Castries,Saint Lucia,CONCACAF Nations League,,
Armenia,Montenegro,2026-09-28,Yerevan,Armenia,UEFA Nations League,,
Belgium,France,2026-09-28,Brussels,Belgium,UEFA Nations League,,
Georgia,Ukraine,2026-09-28,Tbilisi,Georgia,UEFA Nations League,,
Latvia,Cyprus,2026-09-28,Riga,Latvia,UEFA Nations League,,
Northern Ireland,Hungary,2026-09-28,Belfast,Northern Ireland,UEFA Nations League,,
Romania,Bosnia and Herzegovina,2026-09-28,Bucharest,Romania,UEFA Nations League,,
Sweden,Poland,2026-09-28,Solna,Sweden,UEFA Nations League,,
Turkey,Italy,2026-09-28,Bursa,Turkey,UEFA Nations League,,
Benin,Mauritania,2026-09-29,Abidjan,Ivory Coast,Africa Cup of Nations Qualification,,
Burundi,Algeria,2026-09-29,Bujumbura,Burundi,Africa Cup of Nations Qualification,,
Cape Verde,Rwanda,2026-09-29,,Cape Verde,Africa Cup of Nations Qualification,,
Comoros,Namibia,2026-09-29,,Comoros,Africa Cup of Nations Qualification,,
Congo,Cameroon,2026-09-29,Brazzaville,Congo,Africa Cup of Nations Qualification,,
Ethiopia,Senegal,2026-09-29,Bahir Dar,Ethiopia,Africa Cup of Nations Qualification,,
Gabon,Niger,2026-09-29,Libreville,Gabon,Africa Cup of Nations Qualification,,
Ghana,Gambia,2026-09-29,Accra,Ghana,Africa Cup of Nations Qualification,,
Guinea-Bissau,Nigeria,2026-09-29,,Morocco,Africa Cup of Nations Qualification,,
Lesotho,Morocco,2026-09-29,Bloemfontein,South Africa,Africa Cup of Nations Qualification,,
Liberia,Mali,2026-09-29,Monrovia,Liberia,Africa Cup of Nations Qualification,,
Madagascar,Tanzania,2026-09-29,,Madagascar,Africa Cup of Nations Qualification,,
Mozambique,Sudan,2026-09-29,Maputo,Mozambique,Africa Cup of Nations Qualification,,
Somalia,Ivory Coast,2026-09-29,Abidjan,Ivory Coast,Africa Cup of Nations Qualification,,
South Sudan,Egypt,2026-09-29,Juba,South Sudan,Africa Cup of Nations Qualification,,
Uganda,Libya,2026-09-29,Hoima,Uganda,Africa Cup of Nations Qualification,,
Zambia,Togo,2026-09-29,Ndola,Zambia,Africa Cup of Nations Qualification,,
Anguilla,Aruba,2026-09-29,St. John's,Antigua and Barbuda,CONCACAF Nations League,,
French Guiana,Sint Maarten,2026-09-29,Belmopan,Belize,CONCACAF Nations League,,
Saint Vincent and the Grenadines,Belize,2026-09-29,Belmopan,Belize,CONCACAF Nations League,,
Turks and Caicos Islands,British Virgin Islands,2026-09-29,Providenciales,Turks and Caicos Islands,CONCACAF Nations League,,
United States Virgin Islands,Bahamas,2026-09-29,St. Croix,United States Virgin Islands,CONCACAF Nations League,,
Bulgaria,Estonia,2026-09-29,Plovdiv,Bulgaria,UEFA Nations League,,
Czech Republic,England,2026-09-29,Prague,Czech Republic,UEFA Nations League,,
Finland,Belarus,2026-09-29,,,UEFA Nations League,,
Luxembourg,Iceland,2026-09-29,Luxembourg City,Luxembourg,UEFA Nations League,,
Moldova,Faroe Islands,2026-09-29,Chișinău,Moldova,UEFA Nations League,,
San Marino,Albania,2026-09-29,Serravalle,San Marino,UEFA Nations League,,
Scotland,Switzerland,2026-09-29,Glasgow,Scotland,UEFA Nations League,,
Slovakia,Kazakhstan,2026-09-29,Košice,Slovakia,UEFA Nations League,,
Slovenia,North Macedonia,2026-09-29,Ljubljana,Slovenia,UEFA Nations League,,
Spain,Croatia,2026-09-29,Seville,Spain,UEFA Nations League,,
Eritrea,South Africa,2026-09-30,Cairo,Egypt,Africa Cup of Nations Qualification,,
Guinea,Kenya,2026-10-01,Conakry,Guinea,Africa Cup of Nations Qualification,,
Antigua and Barbuda,Anguilla,2026-10-01,St. John's,Antigua and Barbuda,CONCACAF Nations League,,
Curaçao,Trinidad and Tobago,2026-10-01,Willemstad,Curaçao,CONCACAF Nations League,,
Dominican Republic,Haiti,2026-10-01,Santiago de los Caballeros,Dominican Republic,CONCACAF Nations League,,
Guyana,Dominica,2026-10-01,Mayagüez,Puerto Rico,CONCACAF Nations League,,
Martinique,Honduras,2026-10-01,Fort-de-France,Martinique,CONCACAF Nations League,,
Nicaragua,Costa Rica,2026-10-01,Managua,Nicaragua,CONCACAF Nations League,,
Puerto Rico,Cayman Islands,2026-10-01,Mayagüez,Puerto Rico,CONCACAF Nations League,,
United States Virgin Islands,Saint Martin,2026-10-01,St. Croix,United States Virgin Islands,CONCACAF Nations League,,
Bermuda,Barbados,2026-10-02,,Barbados,CONCACAF Nations League,,
El Salvador,Jamaica,2026-10-02,San Salvador,El Salvador,CONCACAF Nations League,,
Grenada,Bonaire,2026-10-02,Port of Spain,Trinidad and Tobago,CONCACAF Nations League,,
Saint Kitts and Nevis,Cuba,2026-10-02,Port of Spain,Trinidad and Tobago,CONCACAF Nations League,,
Saint Lucia,Guadeloupe,2026-10-02,Castries,Saint Lucia,CONCACAF Nations League,,
Suriname,Guatemala,2026-10-02,Paramaribo,Suriname,CONCACAF Nations League,,
Saint Vincent and the Grenadines,Sint Maarten,2026-10-03,Belmopan,Belize,CONCACAF Nations League,,
Aruba,Anguilla,2026-10-04,St. John's,Antigua and Barbuda,CONCACAF Nations League,,
Bahamas,United States Virgin Islands,2026-10-04,St. Croix,United States Virgin Islands,CONCACAF Nations League,,
Belize,French Guiana,2026-10-04,Belmopan,Belize,CONCACAF Nations League,,
British Virgin Islands,Turks and Caicos Islands,2026-10-04,Providenciales,Turks and Caicos Islands,CONCACAF Nations League,,
Costa Rica,Haiti,2026-10-04,San José,Costa Rica,CONCACAF Nations League,,
Nicaragua,Dominican Republic,2026-10-04,Managua,Nicaragua,CONCACAF Nations League,,
Puerto Rico,Guyana,2026-10-04,Roseau,Dominica,CONCACAF Nations League,,
Trinidad and Tobago,Curaçao,2026-10-04,Port of Spain,Trinidad and Tobago,CONCACAF Nations League,,
Bermuda,Barbados,2026-10-05,,Barbados,CONCACAF Nations League,,
Cuba,Saint Kitts and Nevis,2026-10-05,Port of Spain,Trinidad and Tobago,CONCACAF Nations League,,
Grenada,Bonaire,2026-10-05,Port of Spain,Trinidad and Tobago,CONCACAF Nations League,,
Guatemala,Suriname,2026-10-05,Guatemala City,Guatemala,CONCACAF Nations League,,
Honduras,Jamaica,2026-10-05,Tegucigalpa,Honduras,CONCACAF Nations League,,
Martinique,El Salvador,2026-10-05,Fort-de-France,Martinique,CONCACAF Nations League,,
Angola,Malawi,2026-10-06,Luanda,Angola,Africa Cup of Nations Qualification,,
Antigua and Barbuda,Aruba,2026-10-06,St. John's,Antigua and Barbuda,CONCACAF Nations League,,
Saint Martin,Bahamas,2026-10-06,St. Croix,United States Virgin Islands,CONCACAF Nations League,,
Saint Vincent and the Grenadines,Sint Maarten,2026-10-06,Belmopan,Belize,CONCACAF Nations League,,
Turks and Caicos Islands,Montserrat,2026-10-06,Providenciales,Turks and Caicos Islands,CONCACAF Nations League,,
